resistencia;voltaje;potencia 
1;2;4
2;5;12.5
3;9;27
4;12;36
5;15;45
6;19;60.1666667
7;21;63
8;25;78.125
9;28;87.1111111
10;30;90
11;34;105.090909
12;36;108
13;38;111.076923
14;41;120.071429
15;43;123.266667
16;46;132.25
17;50;147.058824
18;54;162
19;56;165.052632
20;59;174.05












